-- phpMyAdmin SQL Dump
-- version 4.9.1
-- https://www.phpmyadmin.net/
--
-- Host: localhost
-- Generation Time: Mar 14, 2020 at 05:39 PM
-- Server version: 8.0.17
-- PHP Version: 7.3.10

SET SQL_MODE = "NO_AUTO_VALUE_ON_ZERO";
SET AUTOCOMMIT = 0;
START TRANSACTION;
SET time_zone = "+00:00";


/*!40101 SET @OLD_CHARACTER_SET_CLIENT=@@CHARACTER_SET_CLIENT */;
/*!40101 SET @OLD_CHARACTER_SET_RESULTS=@@CHARACTER_SET_RESULTS */;
/*!40101 SET @OLD_COLLATION_CONNECTION=@@COLLATION_CONNECTION */;
/*!40101 SET NAMES utf8mb4 */;

--
-- Database: `fat_1`
--

-- --------------------------------------------------------

--
-- Table structure for table `burden`
--

CREATE TABLE `burden` (
  `burden_id` int(2) NOT NULL,
  `burden_discription` varchar(255) DEFAULT NULL,
  `burden_status` int(1) DEFAULT '1'
) ENGINE=InnoDB DEFAULT CHARSET=utf8;

--
-- Dumping data for table `burden`
--

INSERT INTO `burden` (`burden_id`, `burden_discription`, `burden_status`) VALUES
(1, 'ทำนุบำรุงศิลปวัฒนธรรม', 1),
(2, 'บริการวิชาการ', 1);

-- --------------------------------------------------------

--
-- Table structure for table `govenor_transaction`
--

CREATE TABLE `govenor_transaction` (
  `person_id` varchar(100) NOT NULL,
  `govenor_id` varchar(100) NOT NULL,
  `date_add` date DEFAULT NULL
) ENGINE=InnoDB DEFAULT CHARSET=utf8;

-- --------------------------------------------------------

--
-- Table structure for table `governor_to`
--

CREATE TABLE `governor_to` (
  `govenor_id` varchar(13) NOT NULL,
  `goven_id_type` int(1) NOT NULL COMMENT 'ประเภทไปราชการ',
  `goven_discription` varchar(255) DEFAULT NULL COMMENT 'เรื่อง',
  `goven_place` varchar(255) DEFAULT NULL COMMENT 'สถานที่',
  `goven_province_id` int(2) NOT NULL COMMENT 'จังหวัด',
  `burden_id` int(2) NOT NULL,
  `date_start` date DEFAULT NULL COMMENT 'วันที่ไป',
  `date_end` date DEFAULT NULL COMMENT 'วันที่กลับ',
  `goven_status` int(1) DEFAULT '1'
) ENGINE=InnoDB DEFAULT CHARSET=utf8;

--
-- Dumping data for table `governor_to`
--

INSERT INTO `governor_to` (`govenor_id`, `goven_id_type`, `goven_discription`, `goven_place`, `goven_province_id`, `burden_id`, `date_start`, `date_end`, `goven_status`) VALUES
('001', 5, 'วิ่งไล่ลุง\r\n', 'สวน', 1, 2, '2020-01-08', '2020-01-08', 1),
('542/2562', 1, 'เรื่องการกำหนดมาตรฐานวิชาชีพ นะ\r\n', 'โรงแรมสุจิพรัมณ์', 4, 2, '2019-10-10', '2019-10-17', 1),
('854/2562', 2, 'ไปประชุมประท้วงรัฐบาล\r\n', 'สวนลุมพินี', 1, 1, '2019-05-12', '2019-05-19', 1);

-- --------------------------------------------------------

--
-- Table structure for table `governor_type`
--

CREATE TABLE `governor_type` (
  `goven_type_id` int(1) NOT NULL,
  `goven_type_des` varchar(30) DEFAULT NULL,
  `goven_type_status` int(1) DEFAULT '1'
) ENGINE=InnoDB DEFAULT CHARSET=utf8;

--
-- Dumping data for table `governor_type`
--

INSERT INTO `governor_type` (`goven_type_id`, `goven_type_des`, `goven_type_status`) VALUES
(1, 'ประชุม', 1),
(2, 'สัมมนา', 1),
(3, 'อบรม', 1),
(4, 'ศึกษาดูงาน', 1),
(5, 'อื่นๆ', 1);

-- --------------------------------------------------------

--
-- Table structure for table `leave_person`
--

CREATE TABLE `leave_person` (
  `leave_id` varchar(15) NOT NULL COMMENT 'รหัสใบลา',
  `person_id` varchar(13) NOT NULL COMMENT 'รหัสพนักงาน',
  `leave_p_id` int(2) NOT NULL,
  `date_start` date NOT NULL,
  `date_end` date NOT NULL,
  `total_num` int(10) NOT NULL,
  `p_comment` varchar(255) CHARACTER SET utf8 COLLATE utf8_general_ci NOT NULL,
  `p_status` int(1) NOT NULL,
  `leave_id_cancel` varchar(15) CHARACTER SET utf8 COLLATE utf8_general_ci NOT NULL,
  `p_comment_cancel` varchar(255) CHARACTER SET utf8 COLLATE utf8_general_ci NOT NULL
) ENGINE=InnoDB DEFAULT CHARSET=utf32;

--
-- Dumping data for table `leave_person`
--

INSERT INTO `leave_person` (`leave_id`, `person_id`, `leave_p_id`, `date_start`, `date_end`, `total_num`, `p_comment`, `p_status`, `leave_id_cancel`, `p_comment_cancel`) VALUES
('23232', '2', 2, '2563-03-14', '2563-03-31', 13, '', 1, '', ''),
('sdsds', '301', 1, '2563-03-14', '2563-03-15', 1, '', 1, '', '');

-- --------------------------------------------------------

--
-- Table structure for table `leave_person_status`
--

CREATE TABLE `leave_person_status` (
  `person_id` varchar(13) CHARACTER SET utf8 COLLATE utf8_general_ci NOT NULL,
  `school_year_id` varchar(8) CHARACTER SET utf8 COLLATE utf8_unicode_ci NOT NULL,
  `sick_leave` int(4) NOT NULL,
  `pregnant_leave` int(4) NOT NULL,
  `help_pregnant_leave` int(4) NOT NULL,
  `activity_leave` int(4) NOT NULL,
  `vacation_leave` int(4) NOT NULL,
  `monk_leave` int(4) NOT NULL
) ENGINE=InnoDB DEFAULT CHARSET=utf8;

--
-- Dumping data for table `leave_person_status`
--

INSERT INTO `leave_person_status` (`person_id`, `school_year_id`, `sick_leave`, `pregnant_leave`, `help_pregnant_leave`, `activity_leave`, `vacation_leave`, `monk_leave`) VALUES
('122121', '2574/1', 47, 90, 15, 45, 10, 120),
('2', '2574/1', 47, 77, 15, 45, 10, 120),
('212', '2574/1', 47, 88, 15, 45, 10, 120),
('294', '2574/1', 47, 90, 15, 45, 10, 120),
('296', '2574/1', 47, 90, 15, 45, 10, 120),
('3', '2574/1', 47, 90, 15, 45, 10, 120),
('301', '2574/1', 46, 90, 15, 45, 10, 120),
('310', '2574/1', 47, 90, 15, 45, 10, 120),
('312', '2574/1', 47, 90, 15, 45, 10, 120),
('318', '2574/1', 47, 90, 15, 45, 10, 120),
('319', '2574/1', 47, 90, 15, 45, 10, 120),
('322', '2574/1', 47, 90, 15, 45, 10, 120),
('324', '2574/1', 47, 90, 15, 45, 10, 120),
('325', '2574/1', 47, 90, 15, 45, 10, 120),
('328', '2574/1', 47, 90, 15, 45, 10, 120),
('339', '2574/1', 47, 90, 15, 45, 10, 120),
('342', '2574/1', 47, 90, 15, 45, 10, 120),
('344', '2574/1', 47, 90, 15, 45, 10, 120),
('350', '2574/1', 47, 90, 15, 45, 10, 120),
('354', '2574/1', 47, 90, 15, 45, 10, 120),
('356', '2574/1', 47, 90, 15, 45, 10, 120),
('367', '2574/1', 47, 90, 15, 45, 10, 120),
('370', '2574/1', 47, 90, 15, 45, 10, 120),
('373', '2574/1', 47, 90, 15, 45, 10, 120),
('374', '2574/1', 47, 90, 15, 45, 10, 120),
('376', '2574/1', 47, 90, 15, 45, 10, 120),
('377', '2574/1', 47, 90, 15, 45, 10, 120),
('378', '2574/1', 47, 90, 15, 45, 10, 120),
('379', '2574/1', 47, 90, 15, 45, 10, 120),
('380', '2574/1', 47, 90, 15, 45, 10, 120),
('384', '2574/1', 47, 90, 15, 45, 10, 120),
('387', '2574/1', 47, 90, 15, 45, 10, 120),
('388', '2574/1', 47, 90, 15, 45, 10, 120),
('468', '2574/1', 47, 90, 15, 45, 10, 120),
('7887545', '2574/1', 47, 90, 0, 1000, 10, 0),
('', '2574/1', 60, 90, 15, 45, 10, 120),
('', '2574/1', 60, 90, 15, 45, 10, 120),
('99999999922', '2574/1', 60, 90, 15, 45, 10, 120),
('96652', '2574/1', 15, 90, 0, 1000, 10, 0),
('122121', '3455/1', 60, 90, 15, 45, 10, 120),
('1234567890', '3455/1', 60, 90, 15, 45, 10, 120),
('2', '3455/1', 60, 90, 15, 45, 10, 120),
('212', '3455/1', 60, 90, 15, 45, 10, 120),
('232323', '3455/1', 60, 90, 15, 45, 10, 120),
('294', '3455/1', 60, 90, 15, 45, 10, 120),
('296', '3455/1', 60, 90, 15, 45, 10, 120),
('3', '3455/1', 60, 90, 15, 45, 10, 120),
('301', '3455/1', 60, 90, 15, 45, 10, 120),
('310', '3455/1', 60, 90, 15, 45, 10, 120),
('312', '3455/1', 60, 90, 15, 45, 10, 120),
('318', '3455/1', 60, 90, 15, 45, 10, 120),
('319', '3455/1', 60, 90, 15, 45, 10, 120),
('322', '3455/1', 60, 90, 15, 45, 10, 120),
('324', '3455/1', 60, 90, 15, 45, 10, 120),
('325', '3455/1', 60, 90, 15, 45, 10, 120),
('328', '3455/1', 60, 90, 15, 45, 10, 120),
('339', '3455/1', 60, 90, 15, 45, 10, 120),
('342', '3455/1', 60, 90, 15, 45, 10, 120),
('344', '3455/1', 60, 90, 15, 45, 10, 120),
('350', '3455/1', 60, 90, 15, 45, 10, 120),
('354', '3455/1', 60, 90, 15, 45, 10, 120),
('356', '3455/1', 60, 90, 15, 45, 10, 120),
('367', '3455/1', 60, 90, 15, 45, 10, 120),
('370', '3455/1', 60, 90, 15, 45, 10, 120),
('373', '3455/1', 60, 90, 15, 45, 10, 120),
('374', '3455/1', 60, 90, 15, 45, 10, 120),
('376', '3455/1', 60, 90, 15, 45, 10, 120),
('377', '3455/1', 60, 90, 15, 45, 10, 120),
('378', '3455/1', 60, 90, 15, 45, 10, 120),
('379', '3455/1', 60, 90, 15, 45, 10, 120),
('380', '3455/1', 60, 90, 15, 45, 10, 120),
('384', '3455/1', 60, 90, 15, 45, 10, 120),
('387', '3455/1', 60, 90, 15, 45, 10, 120),
('388', '3455/1', 60, 90, 15, 45, 10, 120),
('468', '3455/1', 60, 90, 15, 45, 10, 120),
('5652323', '3455/1', 60, 90, 15, 45, 10, 120),
('877545', '3455/1', 60, 90, 15, 45, 10, 120),
('9999', '3455/1', 60, 90, 15, 45, 10, 120),
('99999999', '3455/1', 60, 90, 15, 45, 10, 120),
('99999999922', '3455/1', 60, 90, 15, 45, 10, 120),
('9999999', '3455/1', 30, 90, 0, 10, 10, 120),
('999999999', '3455/1', 30, 90, 0, 10, 10, 120),
('7887545', '3455/1', 15, 90, 0, 1000, 10, 0),
('96652', '3455/1', 15, 90, 0, 1000, 10, 0);

-- --------------------------------------------------------

--
-- Table structure for table `leave_p_dis`
--

CREATE TABLE `leave_p_dis` (
  `leave_p_id` int(2) NOT NULL COMMENT 'รหัสประเภทการลา',
  `leave_p_discription` varchar(255) DEFAULT NULL COMMENT 'รายการประเภทลา',
  `leave_p_status` int(1) DEFAULT '1' COMMENT '1=ปกติ ,2 = เลิกใช้'
) ENGINE=InnoDB DEFAULT CHARSET=utf8;

--
-- Dumping data for table `leave_p_dis`
--

INSERT INTO `leave_p_dis` (`leave_p_id`, `leave_p_discription`, `leave_p_status`) VALUES
(1, 'ป่วย', 1),
(2, 'กิจส่วนตัว', 1),
(3, 'คลอดบุตร', 1),
(4, 'พักผ่อน', 1),
(5, 'ลาไปช่วยเหลือภริยาคลอดบุตร', 1),
(6, 'ลาอุปสมบท', 1);

-- --------------------------------------------------------

--
-- Table structure for table `leave_p_setting`
--

CREATE TABLE `leave_p_setting` (
  `person_type_id` int(2) NOT NULL,
  `sick_leave` int(4) NOT NULL,
  `pregnant_leave` int(4) NOT NULL,
  `help_pregnant_leave` int(4) NOT NULL,
  `activity_leave` int(4) NOT NULL,
  `vacation_leave` int(4) NOT NULL,
  `monk_leave` int(4) NOT NULL
) ENGINE=InnoDB DEFAULT CHARSET=utf8 COLLATE=utf8_unicode_ci;

--
-- Dumping data for table `leave_p_setting`
--

INSERT INTO `leave_p_setting` (`person_type_id`, `sick_leave`, `pregnant_leave`, `help_pregnant_leave`, `activity_leave`, `vacation_leave`, `monk_leave`) VALUES
(1, 60, 90, 15, 45, 10, 120),
(2, 60, 90, 15, 45, 10, 120),
(3, 30, 90, 0, 10, 10, 120),
(4, 15, 90, 0, 1000, 10, 0),
(5, 60, 90, 0, 45, 10, 120);

-- --------------------------------------------------------

--
-- Table structure for table `list_department`
--

CREATE TABLE `list_department` (
  `listdep_id` int(2) NOT NULL COMMENT 'รหัสแผนกงาน',
  `listdep_dis` varchar(255) DEFAULT NULL COMMENT 'รายละเอียดแผนกงาน',
  `listdep_status` int(1) DEFAULT '1' COMMENT '1=ปกติ ,2 = ยกเลิก'
) ENGINE=InnoDB DEFAULT CHARSET=utf8;

--
-- Dumping data for table `list_department`
--

INSERT INTO `list_department` (`listdep_id`, `listdep_dis`, `listdep_status`) VALUES
(1, '-', 1),
(2, 'แผนกงานแผนและประกันคุณภาพการศึกษา', 1),
(3, 'แผนกงานฐานข้อมูล', 1),
(4, 'แผนกงานวิชาการ', 1),
(5, 'แผนกโคนม', 1),
(6, NULL, 1);

-- --------------------------------------------------------

--
-- Table structure for table `local_department`
--

CREATE TABLE `local_department` (
  `dep_id` int(1) NOT NULL,
  `dep_discription` varchar(50) DEFAULT NULL,
  `dep_status` int(1) DEFAULT NULL
) ENGINE=InnoDB DEFAULT CHARSET=utf8;

--
-- Dumping data for table `local_department`
--

INSERT INTO `local_department` (`dep_id`, `dep_discription`, `dep_status`) VALUES
(1, 'สำนักงานคณบดี', 1),
(2, 'สาขาสัตวศาสตร์', 1),
(3, 'สาขาพืชศาสตร์ สิ่งทอและการออกแบบ', 1),
(4, 'สาขาประมง', 1),
(5, 'สาขาวิทยาศาสตร์และคณิตศาสตร์', 1),
(6, 'สาขาเครื่องจักรกลเกษตร', 1),
(7, 'สาขาวิศวกรรมเครื่องกล', 1),
(8, 'สาขาเทคโนโลยีคอมพิวเตอร์', 1),
(9, 'สาขาเทคโนโลยีไฟฟ้า', 1),
(10, 'สาขาอุตสาหกรรมเกษตร', 1),
(11, 'ศูนย์พลังานและนวัตกรรม', 1),
(12, 'ศูนย์วิจัยและถ่ายทอดเทคโนโลยีเกษตรอินทรีย์', 1),
(13, 'ศูนย์ทดสอบทางวิทยาศาสตร์', 1);

-- --------------------------------------------------------

--
-- Table structure for table `parcel_status`
--

CREATE TABLE `parcel_status` (
  `parcel_status_id` int(1) NOT NULL,
  `parcel_discription` varchar(100) DEFAULT NULL,
  `parcel_status` int(1) DEFAULT NULL
) ENGINE=InnoDB DEFAULT CHARSET=utf8;

--
-- Dumping data for table `parcel_status`
--

INSERT INTO `parcel_status` (`parcel_status_id`, `parcel_discription`, `parcel_status`) VALUES
(1, 'ปกติ', NULL),
(2, 'ชำรุด', NULL),
(3, 'รอซ่อม', NULL),
(4, 'รอแทงจำหน่าย', NULL),
(5, 'แทงจำหน่ายแล้ว', NULL),
(6, NULL, NULL);

-- --------------------------------------------------------

--
-- Table structure for table `parcel_type`
--

CREATE TABLE `parcel_type` (
  `parcel_type_id` int(1) NOT NULL,
  `parcel_discription` varchar(100) DEFAULT NULL,
  `parcel_status` int(1) DEFAULT '1'
) ENGINE=InnoDB DEFAULT CHARSET=utf8;

--
-- Dumping data for table `parcel_type`
--

INSERT INTO `parcel_type` (`parcel_type_id`, `parcel_discription`, `parcel_status`) VALUES
(1, 'ครุภัณฑ์สำนักงาน', 1),
(2, 'ครุภัณฑ์การศึกษา', 1),
(3, 'ครุภัณฑ์ยานพาหนะและขนส่ง', 1),
(4, 'ครุภัณฑ์การเกษตร', 1),
(5, 'ครุภัณฑ์ก่อสร้าง', 1),
(6, 'ครุภัณฑ์ไฟฟ้าและวิทยุ', 1),
(7, 'ครุภัณฑ์โฆษณาและเผยแพร่', 1),
(8, 'ครุภัณฑ์วิทยาศาสตร์การแพทย์', 1),
(9, 'ครุภัณฑ์งานบ้านงานครัว', 1),
(10, 'ครุภัณฑ์โรงงาน', 1),
(11, 'ครุภัณฑ์กีฬา', 1),
(12, 'ครุภัณฑ์สำรวจ', 1),
(13, 'ครุภัณฑ์อาวุธ', 1),
(14, 'ครุภัณฑ์ดนตรีและนาฎศิลป์', 1),
(15, 'ครุภัณฑ์คอมพิวเตอร์', 1),
(16, 'ครุภัณฑ์อื่นๆ', 1);

-- --------------------------------------------------------

--
-- Table structure for table `parce_disc`
--

CREATE TABLE `parce_disc` (
  `parce_disc_id` int(2) NOT NULL,
  `parce_discription` varchar(100) DEFAULT NULL,
  `parce_type_id` int(2) DEFAULT NULL,
  `parce_disc_status` int(1) DEFAULT '1'
) ENGINE=InnoDB DEFAULT CHARSET=utf8;

--
-- Dumping data for table `parce_disc`
--

INSERT INTO `parce_disc` (`parce_disc_id`, `parce_discription`, `parce_type_id`, `parce_disc_status`) VALUES
(1, 'โต๊ะ', 1, 1),
(2, 'โต๊ะทำงาน', 1, 1),
(3, 'โต๊ะพิมพ์ดีด', 1, 1),
(4, 'โต๊ะประชุม', 1, 1),
(5, 'โต๊ะวางเครื่องคอมพิวเตอร์', 1, 1),
(6, 'โต๊ะวางเครื่องพิมพ์', 1, 1),
(7, 'โต๊ะเขียนแบบ', 1, 1),
(8, 'โต๊ะอเนกประสงค์', 1, 1),
(9, 'โต๊ะอาหาร', 1, 1),
(10, 'โต๊ะหมู่บูชา', 1, 1),
(11, 'ชุดรับแขก', 1, 1),
(12, 'เก้าอี้', 1, 1),
(13, 'เก้าอี้ทำงาน', 1, 1),
(14, 'เก้าอี้ฟังคำบรรยาย', 1, 1),
(15, 'เก้าอี้เขียนแบบ', 1, 1),
(16, 'เก้าอี้สำหรับเจ้าหน้าที่คอมพิวเตอร์', 1, 1),
(17, 'เก้าอี้ผู้มาติดต่อ', 1, 1),
(18, 'ชั้นวางเอกสาร', 1, 1),
(19, 'ตู้', 1, 1),
(20, 'ตู้ไม้', 1, 1),
(21, 'ตู้เหล็ก', 1, 1),
(22, 'ตู้ดรรชนี', 1, 1),
(23, 'ตู้เก็บแผนที่', 1, 1),
(24, 'ตู้นิรภัย', 1, 1),
(25, 'ตู้เก็บแบบฟอร์ม', 1, 1),
(26, 'ต้เสื้อผ้า', 1, 1),
(27, 'ตู้ล็อกเกอร์', 1, 1),
(28, 'ตู้ติดประกาศ', 1, 1),
(29, 'ตู้โชว์', 1, 1),
(30, 'ตู้เก็บเอกสาร', 1, 1),
(31, ' เครื่องพิมพ์ดีด', 1, 1),
(32, ' เครื่องโทรศัพท์ รวมถึง เครื่องโทรศัพท์ภายใน (Intercom)', 1, 1),
(33, ' เครื่องโทรภาพหรือโทรสาร (Facsimile)', 1, 1),
(34, ' เครื่องถ่ายเอกสาร', 1, 1),
(35, ' เครื่องอัดสำเนา', 1, 1),
(36, ' เครื่องพิมพ์สำเนาระบบดิจิตอล', 1, 1),
(37, ' เครื่องทำลายเอกสาร', 1, 1),
(38, ' เครื่องเจาะกระดาษและเข้าเล่ม', 1, 1),
(39, ' เครื่องบันทึกเงินสด', 1, 1),
(40, ' เครื่องปรับอากาศ', 1, 1),
(41, ' พัดลม รวมถึง พัดลมระบายอากาศ', 1, 1),
(42, ' เครื่องดูดฝุ่น', 1, 1),
(43, ' รถเข็น', 1, 1),
(44, ' ถังเก็บน้ำ', 1, 1),
(45, ' เครื่องปรุกระดาษไข', 1, 1),
(46, ' เคาน์เตอร์', 1, 1),
(47, ' แท่นอ่านหนังสือ', 1, 1),
(48, ' ที่วางหนังสือพิมพ์', 1, 1),
(49, ' เครื่องขัดพื้น', 1, 1),
(50, ' เครื่องชุมสายโทรศัพท์', 1, 1),
(51, ' ตู้โทรศัพท์หรือตู้สาขาโทรศัพท์', 1, 1),
(52, ' เครื่องโทรพิมพ์', 1, 1),
(53, ' เครื่องนับเหรียญ', 1, 1),
(54, ' เครื่องนับธนบัตร', 1, 1),
(55, ' เครื่องฟอกอากาศ', 1, 1),
(56, ' วิทยุติดตามตัว', 1, 1),
(57, ' จักรธรรมดา', 2, 1),
(58, ' จักรทำลวดลาย', 2, 1),
(59, ' จักรพันริม', 2, 1),
(60, ' จักรอุตสาหกรรม', 2, 1),
(61, ' โต๊ะนักเรียน', 2, 1),
(62, ' เครื่องเขียนตัวอักษร', 2, 1),
(63, ' รถยนต์นั่ง', 3, 1),
(64, ' รถยนต์โดยสาร', 3, 1),
(65, ' รถยกของ', 3, 1),
(66, ' รถปั้นจั่น', 3, 1),
(67, ' รถบรรทุก', 3, 1),
(68, ' รถลากเครื่องบิน', 3, 1),
(69, ' รถเทรลเลอร์', 3, 1),
(70, ' รถดับเพลิง', 3, 1),
(71, ' รถจักรยานยนต์', 3, 1),
(72, ' รถจักรยาน*', 3, 1),
(73, ' เรือยนต์', 3, 1),
(74, ' เรือบด', 3, 1),
(75, ' เรือติดท้าย', 3, 1),
(76, ' เรือเร็ว', 3, 1),
(77, ' เรือพ่วง', 3, 1),
(78, ' เครื่องบิน', 3, 1),
(79, ' แม่แรงยกอากาศยาน', 3, 1),
(80, ' รถกระบะเทท้าย', 3, 1),
(81, ' รถบรรทุกน้ำ', 3, 1),
(82, ' รถบรรทุกน้ำมัน', 3, 1),
(83, ' รถบรรทุกขยะ', 3, 1),
(84, ' เครื่องยนต์', 3, 1),
(85, ' ลิฟต์', 3, 1),
(86, ' ปศุสัตว์ (ช้าง ม้า วัว ควาย)', 4, 1),
(87, ' รถไถ', 4, 1),
(88, ' รถฟาร์มแทรคเตอร์', 4, 1),
(89, ' เครื่องพ่นยา', 4, 1),
(90, ' เครื่องเก็บเกี่ยวข้าวโพด ข้าวฟ่าง', 4, 1),
(91, ' เครื่องตัดวัชพืช', 4, 1),
(92, ' เครื่องหว่านปุ๋ย', 4, 1),
(93, ' เครื่องยกร่อง', 4, 1),
(94, ' เครื่องนวดธัญพืช', 4, 1),
(95, ' เครื่องผสมยาคลุกเมล็ดพันธุ์', 4, 1),
(96, ' เครื่องนับเมล็ดพืช', 4, 1),
(97, ' ต้เู ก็บเมล็ดพันธุ์', 4, 1),
(98, ' เครื่องรดน้ำ', 4, 1),
(99, ' เครื่องสีข้าวโพด', 4, 1),
(100, ' เครื่องสีฝัด', 4, 1),
(101, ' เครื่องเกลี่ยหญ้า', 4, 1),
(102, ' เครื่องคราดหญ้า', 4, 1),
(103, ' เครื่องบดและผสมอาหารสัตว์', 4, 1),
(104, ' เครื่องสูบน้ำ', 4, 1),
(105, ' เครื่องขยายเกล็ดปลา', 4, 1),
(106, ' เครื่องชั่ง', 4, 1),
(107, ' เครื่องนวดธัญพืช', 4, 1),
(108, ' เครื่องผสมยาคลุกเมล็ดพันธุ์', 4, 1),
(109, ' เครื่องนับเมล็ดพืช', 4, 1),
(110, ' ต้เู ก็บเมล็ดพันธุ์', 4, 1),
(111, ' เครื่องรดน้ำ', 4, 1),
(112, ' เครื่องสีข้าวโพด', 4, 1),
(113, ' เครื่องสีฝัด', 4, 1),
(114, ' เครื่องเกลี่ยหญ้า', 4, 1),
(115, ' เครื่องคราดหญ้า', 4, 1),
(116, ' เครื่องบดและผสมอาหารสัตว์', 4, 1),
(117, ' เครื่องสูบน้ำ', 4, 1),
(118, ' เครื่องขยายเกล็ดปลา', 4, 1),
(119, ' เครื่องชั่ง', 4, 1),
(120, ' เครื่องกระทุ้งดิน หรือแอลฟัลท์', 5, 1),
(121, ' เครื่องกลึง', 5, 1),
(122, ' เครื่องเจาะหิน', 5, 1),
(123, ' เครื่องเจาะเหล็ก', 5, 1),
(124, ' สว่านเจาะแผ่นเหล็ก', 5, 1),
(125, ' เครื่องเชื่อมโลหะ', 5, 1),
(126, ' เครื่องพ่นสี', 5, 1),
(127, ' เครื่องผสมยางแอสฟัลท์', 5, 1),
(128, ' เครื่องผสมคอนกรีต', 5, 1),
(129, ' เครื่องมือทดลองคอนกรีต', 5, 1),
(130, ' เครื่องสั่นคอนกรีต', 5, 1),
(131, ' เครื่องตบดิน', 5, 1),
(132, ' เครื่องมือทดลองความลาดเท', 5, 1),
(133, ' เครื่องมือไสไม้ไฟฟ้า', 5, 1),
(134, ' เลี่อยไฟฟ้า', 5, 1),
(135, ' รอกแม่แรง', 5, 1),
(136, ' รถเตาต้มยาง', 5, 1),
(137, ' รถพ่นยาง', 5, 1),
(138, ' รถตักดิน', 5, 1),
(139, ' รถบด', 5, 1),
(140, ' รถบดล้อเหล็ก', 5, 1),
(141, ' รถบดล้อเหล็กเรียบ', 5, 1),
(142, ' รถบดตีนแกะ', 5, 1),
(143, ' รถบดอัดขยะ', 5, 1),
(144, ' รถตักล้อยาง', 5, 1),
(145, ' รถเข็ม', 5, 1),
(146, ' รถเกรเดอร์', 5, 1),
(147, ' รถขุดตีนตะขาบ', 5, 1),
(148, ' รถแทรกเตอร์ตีนตะขาบ', 5, 1),
(149, ' รถอัดฉีด', 5, 1),
(150, ' รถเกลี่ยดิน', 5, 1),
(151, ' รถตักหน้าขุดหลัง', 5, 1),
(152, ' รถกวาดถนน', 5, 1),
(153, ' เครื่องโม่หิน', 5, 1),
(154, ' เครื่องตอกเข็ม', 5, 1),
(155, ' เครื่องตีเส้น', 5, 1),
(156, ' เครื่องอัดจารบี', 5, 1),
(157, ' เครื่องอัดลม', 5, 1),
(158, ' เครื่องตัดกระเบื้อง', 5, 1),
(159, ' เครื่องกำเนิดไฟฟ้า', 6, 1),
(160, ' หม้อแปลงไฟฟ้า (Transformer)', 6, 1),
(161, ' เครื่องขยายเสียง', 6, 1),
(162, ' เครื่องบันทึกเสียง', 6, 1),
(163, ' เครื่องเล่นแผ่นเสียง', 6, 1),
(164, ' เครื่องรับวิทยุ', 6, 1),
(165, ' เครื่องส่งวิทยุ', 6, 1),
(166, ' เครื่องรับโทรทัศน์', 6, 1),
(167, ' เครื่องส่งโทรทัศน์', 6, 1),
(168, ' เครื่องวัดความถี่คลื่นวิทยุ', 6, 1),
(169, ' เครื่องอัดสำเนาเทป', 6, 1),
(170, ' เครื่องถอดเทป', 6, 1),
(171, ' วิทยุ-เทป', 6, 1),
(172, ' เครื่องเล่นซีดี (Compact Disc)', 6, 1),
(173, ' กล้องถ่ายรูป', 7, 1),
(174, ' กล้องถ่ายภาพยนตร์', 7, 1),
(175, ' กล้องถ่ายวีดีโอ', 7, 1),
(176, ' เครื่องอัดและขยายภาพ', 7, 1),
(177, ' เครื่องฉายภาพยนตร์', 7, 1),
(178, ' เครื่องฉายสไลด์', 7, 1),
(179, ' เครื่องวีดีโอ', 7, 1),
(180, ' เครื่องฉายภาพทึบแสง', 7, 1),
(181, ' เครื่องฉายภาพข้ามศรีษะ', 7, 1),
(182, ' เครื่องเทปซิงโครไนต์', 7, 1),
(183, ' ไฟแวบ', 7, 1),
(184, ' จอรับภาพ', 7, 1),
(185, ' เครื่องล้างฟิล์ม', 7, 1),
(186, ' โต๊ะตัดต่อฟิล์มภาพยนตร์', 7, 1),
(187, ' เครื่องฉายภาพจากสัญญาณวีดีโอ', 7, 1),
(188, ' เครื่องตัดต่อภาพ', 7, 1),
(189, ' โคมไฟถ่ายภาพและวีดีโอ', 7, 1),
(190, ' เตียงเฟาว์เลอร์', 8, 1),
(191, ' เตียงตรวจโรค', 8, 1),
(192, ' เตียงตรวจภายใน', 8, 1),
(193, ' เตียงเด็ก', 8, 1),
(194, ' เตียงทำคลอด', 8, 1),
(195, ' รถเข็นชนิดนั่ง', 8, 1),
(196, ' รถเข็นชนิดนอน', 8, 1),
(197, ' รถเข็นทำแผล', 8, 1),
(198, ' รถเข็นถาดแจกยา', 8, 1),
(199, ' รถเข็นอาหาร', 8, 1),
(200, ' รถเข็นผ้าเปื้อน', 8, 1),
(201, ' หม้อต้มเครื่องมือไฟฟ้า', 8, 1),
(202, ' ตู้อบเด็ก', 8, 1),
(203, ' ยูนิตทำฟัน', 8, 1),
(204, ' ตู้ส่องดูฟิล์มเอกซเรย์', 8, 1),
(205, ' กล้องจุลทรรศน์', 8, 1),
(206, ' กล้องดูดาว', 8, 1),
(207, ' เครื่องช่วยความสว่างของกล้องจุลทรรศน์', 8, 1),
(208, ' เครื่องชั่งน้ำหนัก', 8, 1),
(209, ' เครื่องดูดอากาศ', 8, 1),
(210, ' เครื่องทดสอบความถ่วงจำเพาะของของเหลว', 8, 1),
(211, ' เครื่องมือเทียบสีเคมี', 8, 1),
(212, ' เครื่องลอกลวดลายจากภาพถ่าย', 8, 1),
(213, ' เครื่องจ่ายแก๊สคลอรีน', 8, 1),
(214, ' เครื่องเป่าลม', 8, 1),
(215, ' เครื่องตรวจสอบมาตรไฟฟ้า', 8, 1),
(216, ' เครื่องมือเติมนํ้ายา', 8, 1),
(217, ' เครื่องมือทดลองหาลิควิดลิมิท', 8, 1),
(218, ' เครื่องจับความเร็ว', 8, 1),
(219, ' เครื่องวัดกำลังอัด', 8, 1),
(220, ' เครื่องวัดความถี่', 8, 1),
(221, ' เครื่องวัดความสูง', 8, 1),
(222, ' เครื่องวัดอุหภูมิโลหะเหลว', 8, 1),
(223, ' เครื่องอัดลมขับด้วยเครื่องยนต์', 8, 1),
(224, ' เครื่องกรองแสง', 8, 1),
(225, ' เครื่องวัดแสง', 8, 1),
(226, ' เครื่องทดสอบแสงสว่าง', 8, 1),
(227, ' เครื่องวัดรังสี', 8, 1),
(228, ' เครื่องวัดพลังแสงแดด', 8, 1),
(229, ' เครื่องวัดความกดอากาศ (Barometer)', 8, 1),
(230, ' เครื่องแปลงสภาพน้ำกระด้างให้เป็นน้ำอ่อน', 8, 1),
(231, ' เครื่องตรวจสอบคุณภาพน้ำ', 8, 1),
(232, ' เครื่องกลั่นน้ำ', 8, 1),
(233, ' เครื่องวัดอุณหภูมิน้ำ', 8, 1),
(234, ' เครื่องวัดความเป็นกด', 8, 1),
(235, ' เครื่องระเหยของเหลว', 8, 1),
(236, ' เครื่องมือวิเคราะห์ด้วยเปลวไฟ', 8, 1),
(237, ' เครื่องวิเคราะห์แยกขนาดของเม็ดดิน', 8, 1),
(238, ' เครื่องวัดความชื้นในดิน', 8, 1),
(239, ' เครื่องกวนด้วยแม่เหล็ก', 8, 1),
(240, ' ตู้ทำนํ้าแข็ง', 8, 1),
(241, ' หม้อต้มเครื่องมือ', 8, 1),
(242, ' หม้อเก็บอากาศ', 8, 1),
(243, ' เตาแอลกอฮอล์', 8, 1),
(244, ' โซเดียมแลมพ์', 8, 1),
(245, ' เครื่องวัดความยืดและหดตัวของวัตถุ', 8, 1),
(246, ' เครื่องขบนิ่ว', 8, 1),
(247, ' เครื่องตักตะกอน', 8, 1),
(248, ' เครื่องวัดตะกอน', 8, 1),
(249, ' เครื่องจี้จมูก', 8, 1),
(250, ' เครื่องจี้คอ', 8, 1),
(251, ' เครื่องดูดเสมหะ', 8, 1),
(252, ' เครื่องดูดเลือดและหนอง', 8, 1),
(253, ' เครื่องเจาะกระดูก', 8, 1),
(254, ' เครื่องเจาะไข', 8, 1),
(255, ' เครื่องอุ่นสไลด์', 8, 1),
(256, ' เครื่องตรวจหาเนื้อเยอื่ มะเร็ง', 8, 1),
(257, ' เครื่องกรอฟัน', 8, 1),
(258, ' เครื่องอบแอมโมเนีย', 8, 1),
(259, ' เคร่องให้ออกซิเจน', 8, 1),
(260, ' เครื่องเอกซเรย์', 8, 1),
(261, ' เครื่องดูฟิล์มเอกซเรย์', 8, 1),
(262, ' เครื่องล้างฟิล์มเอกซเรย์', 8, 1),
(263, ' ฉากกันแสงเอกซเรย์', 8, 1),
(264, ' เครื่องช่วยหายใจ', 8, 1),
(265, ' เครื่องตรวจหัวใจ', 8, 1),
(266, ' เครื่องตรวจไขมัน', 8, 1),
(267, ' เครื่องตวรจตา', 8, 1),
(268, ' เครื่องตรวจเม็ดเลือด', 8, 1),
(269, ' เครื่องให้ยาสลบ', 8, 1),
(270, ' เครื่องล้างเข็มฉีดยา', 8, 1),
(271, ' เครื่องวัดประสาท', 8, 1),
(272, ' เครื่องวัดความดันโลหิต', 8, 1),
(273, ' เครื่องวัดรัศมีการเห็นของลูกตา', 8, 1),
(274, ' โคมไฟผ่าตัด', 8, 1),
(275, ' เครื่องมือช่วยคลอด', 8, 1),
(276, ' เครื่องกรองเชื่อไวรัส (Filtering Apparatus)', 8, 1),
(277, ' เครื่องมือสำหรับบดอาหารของเชื้อแบคทีเรีย', 8, 1),
(278, ' เครื่องปั่นและผสมอุดฟัน', 8, 1),
(279, ' เครื่องกรองน้ำ', 9, 1),
(280, ' เครื่องดูดควัน', 9, 1),
(281, ' เครื่องตัดหญ้า', 9, 1),
(282, ' ต้เู ย็น ต่แู ช่อาหาร', 9, 1),
(283, ' เครื่องซักผ้า', 9, 1),
(284, ' เครื่องอบผ้า', 9, 1),
(285, ' เครื่องล้างชาม', 9, 1),
(286, ' เครื่องทำน้ำเย็น', 9, 1),
(287, ' เตาอบ', 9, 1),
(288, ' เตาแก็ส', 9, 1),
(289, ' เตียง', 9, 1),
(290, ' ผ้าม่านพร้อมอุปกรณ์', 9, 1),
(291, ' เครื่องพิมพ์ลายบนแก้ว', 10, 1),
(292, ' แท่นพิมพ์', 10, 1),
(293, ' เครื่องพิมพ์แบบ', 10, 1),
(294, ' เครื่องทำเหรียญกษาปณ์', 10, 1),
(295, ' เครื่องตีตราและอัดแบบ', 10, 1),
(296, ' เครื่องปั๊มตราดุน', 10, 1),
(297, ' เครื่องเขียนโลหะด้วยไฟฟ้า', 10, 1),
(298, ' เครื่องเชื่อมโลหะ', 10, 1),
(299, ' เครื่องชุบผิวโลหะ', 10, 1),
(300, ' เตาเคลือบโลหะ', 10, 1),
(301, ' เตาหลอมโลหะ', 10, 1),
(302, ' เตาอบ', 10, 1),
(303, ' ตู้อบเครื่องรัก', 10, 1),
(304, ' เครื่องเจียระไน', 10, 1),
(305, ' เครื่องทอผ้า', 10, 1),
(306, ' เครื่องดัดโลหะ', 10, 1),
(307, ' เครื่องปั๊มและตัดโลหะ', 10, 1),
(308, ' เครื่องตัดเหล็ก', 10, 1),
(309, ' เครื่องพับและม้วนเหล็ก', 10, 1),
(310, ' เครื่องจักรกล', 10, 1),
(311, ' เครื่องจักรไอน้ำ', 10, 1),
(312, ' เครื่องล้างทำความสะอาดเครื่องยนต์', 10, 1),
(313, ' เครื่องตรวจสอบหัวฉีดเครื่องยนต์', 10, 1),
(314, ' เครื่องอัดฉีดเครื่องจักร', 10, 1),
(315, ' เครื่องมือถอดสปริงลิ้น', 10, 1),
(316, ' เครื่องสำหรับดูดบู๊ชและลูกปืน', 10, 1),
(317, ' เครื่องตรวจทุ่นไดนาโม', 10, 1),
(318, ' เครื่องดูดลม', 10, 1),
(319, ' แท่นกลึง', 10, 1),
(320, ' เครื่องคว้าน', 10, 1),
(321, ' เครื่องทำเกลียว', 10, 1),
(322, ' เครื่องทำเฟือง', 10, 1),
(323, ' เครื่องดูดเฟือง', 10, 1),
(324, ' เครื่องถอดและต่อโซ่', 10, 1),
(325, ' เครื่องปรับความถี่และกำลังดัน', 10, 1),
(326, ' ทั่งระดับเหล็ก', 10, 1),
(327, ' เครื่องกลั่น', 10, 1),
(328, ' เครื่องกว้าน', 10, 1),
(329, ' เครื่องโม่หิน', 10, 1),
(330, ' เครื่องย่อยหิน', 10, 1),
(331, ' ตะแกรงคัดแร่', 10, 1),
(332, ' เครื่องอัดจารบี', 10, 1),
(333, ' เครื่องปั๊มนํ้ามันไฟฟ้า', 10, 1),
(334, ' เครื่องหยอดน้ำมัน (Line Oiler)', 10, 1),
(335, ' มอเตอร์หินเจีย', 10, 1),
(336, ' เครื่องเจียหรือตัด', 10, 1),
(337, ' เครื่องขัดกระดาษทราย', 10, 1),
(338, ' เลื่อยวงเดือนไฟฟ้า', 10, 1),
(339, ' เลื่อยฉลุไฟฟ้า', 10, 1),
(340, ' เครื่องลอกบัว', 10, 1),
(341, ' เครื่องเป่าลม', 10, 1),
(342, ' ไขควงไฟฟ้า', 10, 1),
(343, ' กบไฟฟ้า', 10, 1),
(344, ' สว่านไฟฟ้า', 10, 1),
(345, ' แม่แรงตะเฆ่', 10, 1),
(346, ' แทรมโปลิน', 11, 1),
(347, ' บ๊อกซ์สแตนด์', 11, 1),
(348, ' โต๊ะเทเบิลเทนนิส', 11, 1),
(349, ' จักรยานออกกำลังกาย', 11, 1),
(350, ' เหล็กยกน้ำหนักเป็นชุด', 11, 1),
(351, ' บาร์คู่', 11, 1),
(352, ' บาร์ต่างระดับ', 11, 1),
(353, ' ม้าหู', 11, 1),
(354, ' ม้าขวาง', 11, 1),
(355, ' กล้องส่องทางไกล', 12, 1),
(356, ' เครื่องเจาะสำรวจ', 12, 1),
(357, ' กล้องระดับ', 12, 1),
(358, ' กล้องวัดมุม', 12, 1),
(359, ' โซ่ลาน', 12, 1),
(360, ' ไม้สตาฟฟ์', 12, 1),
(361, ' เทปวันระยะ', 12, 1),
(362, ' ปืน', 13, 1),
(363, ' ปืนลูกซอง', 13, 1),
(364, ' ปืนพก', 13, 1),
(365, ' ปี่คาลิเน็ท', 14, 1),
(366, ' แตรทรัมเป็ท', 14, 1),
(367, ' แตรทรัมโบน', 14, 1),
(368, ' แตรบาริโทน', 14, 1),
(369, ' แตรยูฟอร์เนียม', 14, 1),
(370, ' แตรบาสซูน', 14, 1),
(371, ' แซกโซโฟน', 14, 1),
(372, ' ไวโอลิน', 14, 1),
(373, ' วิโอล่า', 14, 1),
(374, ' เซลโล่', 14, 1),
(375, ' เบส', 14, 1),
(376, ' เปียโน', 14, 1),
(377, ' ออร์แกนไฟฟ้า', 14, 1),
(378, ' ระนาด', 14, 1),
(379, ' ฆ้องวง', 14, 1),
(380, ' ขิม', 14, 1),
(381, ' ศรีษะโขนละคร', 14, 1),
(382, ' เครื่องแต่งกายชุดแสดงโขน-ละคร', 14, 1),
(383, ' มอนิเตอร์ (Monitor)', 15, 1),
(384, ' เครื่องพิมพ์ (Printer) แบบต่าง ๆ เช่น Dot Matrix Printer, Laser Printer, Line Printer, Ink Jet เป็น', 15, 1),
(385, ' พล็อตเตอร์ (Plotter)', 15, 1),
(386, ' เครื่องแปลงรหัสสัญญาณ (Modem)', 15, 1),
(387, ' เครื่องถ่ายทอดสัญญาณจากคอมพิวเตอร์ขึ้นจอภาพ (Projector)', 15, 1),
(388, ' เครื่องปรับระดับกระแสไฟ', 15, 1),
(389, ' สแกนเนอร์ (Scanner)', 15, 1),
(390, ' ดิจิไทเซอร์ (Digitizer)', 15, 1),
(391, ' เครื่องสำรองกระแสไฟฟ้า (UPS)', 15, 1),
(392, ' เครื่องแยกกระดาษ', 15, 1),
(393, ' เครื่องป้อนกระดาษ', 15, 1),
(394, ' โปรแกรมคอมพิวเตอร์หรือซอฟต์แวร์ที่มีราคาหน่วยหนึ่งเกิน 20,000 บาท', 15, 1),
(395, 'อื่นๆ', 16, 1);

-- --------------------------------------------------------

--
-- Table structure for table `person_academic`
--

CREATE TABLE `person_academic` (
  `academic_id` int(1) NOT NULL,
  `academic_discription` varchar(30) DEFAULT NULL,
  `academic_status` int(1) DEFAULT '1'
) ENGINE=InnoDB DEFAULT CHARSET=utf8;

--
-- Dumping data for table `person_academic`
--

INSERT INTO `person_academic` (`academic_id`, `academic_discription`, `academic_status`) VALUES
(1, 'ศาสตราจารย์', 1),
(2, 'รองศาสตราจารย์', 1),
(3, 'ผู้ช่วยศาสตราจารย์', 1),
(4, 'รองศาสตราจารย์ ดร.', 1),
(5, 'ผู้ช่วยศาสตราจารย์ ดร.', 1),
(6, 'อาจารย์ ดร.', 1),
(7, 'อาจารย์', 1),
(8, 'ปฏิบัติการ', 1),
(9, 'ชำนาญการ', 1);

-- --------------------------------------------------------

--
-- Table structure for table `person_human`
--

CREATE TABLE `person_human` (
  `person_id` varchar(13) NOT NULL,
  `person_sai_id` int(1) DEFAULT NULL,
  `person_prefix_id` int(1) DEFAULT NULL,
  `person_academic_id` int(1) DEFAULT NULL,
  `person_type_id` int(1) DEFAULT NULL,
  `f_name_th` varchar(30) DEFAULT NULL,
  `l_name_th` varchar(30) DEFAULT NULL,
  `birthdate` date DEFAULT NULL,
  `date_come` date DEFAULT NULL,
  `department_id` int(1) DEFAULT NULL,
  `status_income_id` int(1) DEFAULT NULL,
  `status_person` int(1) DEFAULT NULL,
  `side_id` int(1) DEFAULT NULL,
  `listdep_id` int(2) DEFAULT NULL,
  `position_id` int(2) DEFAULT NULL
) ENGINE=InnoDB DEFAULT CHARSET=utf8;

--
-- Dumping data for table `person_human`
--

INSERT INTO `person_human` (`person_id`, `person_sai_id`, `person_prefix_id`, `person_academic_id`, `person_type_id`, `f_name_th`, `l_name_th`, `birthdate`, `date_come`, `department_id`, `status_income_id`, `status_person`, `side_id`, `listdep_id`, `position_id`) VALUES
('122121', 1, 1, 1, 1, 'lklk', 'lklklk', '2020-02-18', '2020-02-18', 1, 0, 1, 2, 3, 15),
('1234567890', 1, 1, 1, 1, 'RAZ', 'DOWEX', '2563-03-14', '2563-03-30', 1, 2, 1, 2, 4, 3),
('2', 1, 1, 1, 1, 'นายขม', 'ขนมหวาน', '2020-02-20', '2020-02-13', 1, 3, 2, 2, 2, 14),
('212', 1, 1, 1, 1, 'asdasd', 'sdsdsds', '2020-02-13', '2020-02-20', 1, 0, 1, 2, 3, 16),
('232323', 1, 1, 1, 1, 'asdasd', 'asdasdas', '2563-03-14', '2563-03-14', 1, 1, 1, 1, 1, 1),
('294', 1, 2, 5, 1, 'อรลัดา', 'เจือจันทร์', '2511-12-31', '2538-01-09', 10, 3, 1, 1, 1, 7),
('296', 1, 1, 3, 1, 'วัฒนา', 'ภารัตนวงศ์', '2503-02-05', '2525-05-26', 6, 3, 1, 1, 1, 1),
('3', 1, 4, 1, 1, 'มานี', 'มีเงิน', '2020-02-20', '2020-02-13', 1, 2, 2, 2, 2, 14),
('301', 1, 1, 7, 1, 'อธิรัช', 'ลี้ตระกูล', '2514-12-04', '2540-09-03', 7, 3, 1, 1, 1, 8),
('310', 1, 3, 3, 1, 'สิรินาถ', 'สุวินทรากร', '2513-07-15', '2538-07-17', 3, 3, 1, 1, 1, 4),
('312', 1, 1, 7, 1, 'สรายุตร์', 'สวัสดิ์วงษ์ชัย', '2517-03-23', '2540-09-03', 9, 3, 1, 1, 1, 8),
('318', 1, 2, 5, 1, 'สุขใจ', 'รัตนยุวกร', '2508-12-03', '2552-01-19', 5, 3, 1, 1, 1, 7),
('319', 1, 1, 7, 1, 'ชัยวัฒน์', 'บุญน้อย', '2511-03-26', '2537-06-20', 6, 3, 1, 1, 1, 1),
('322', 1, 3, 6, 1, 'จุณจะรา', 'ทุยไธสง', '2513-06-24', '2542-10-22', 5, 3, 1, 1, 1, 1),
('324', 1, 3, 3, 1, 'พัชราภรณ์ ', 'แสงโยจารย์', '2502-12-24', '2532-09-18', 5, 3, 1, 1, 1, 1),
('325', 1, 2, 7, 1, 'จินต์ภาทิพย์ ', 'ศรีเมือง', '2511-07-23', '2547-10-21', 5, 3, 1, 1, 1, 1),
('328', 1, 1, 3, 1, 'สมาน', 'จงเทพ', '2530-06-19', '2505-05-09', 4, 3, 1, 1, 1, 4),
('339', 1, 1, 3, 1, 'กิตติกร', 'จินดาพล', '2505-12-28', '2529-12-25', 4, 3, 1, 1, 1, 1),
('342', 1, 1, 3, 1, 'สอนรินทร์', 'เรืองปรัชญากุล', '2507-08-11', '2532-02-18', 6, 3, 1, 1, 1, 4),
('344', 1, 1, 3, 1, 'ทนนท์', 'รัตนรวมการ', '2503-11-29', '2525-10-01', 6, 3, 1, 1, 1, 1),
('350', 1, 3, 6, 1, 'จีรภัทร์  ', 'จอดนอก', '2512-01-23', '2536-06-30', 5, 3, 1, 1, 1, 1),
('354', 1, 1, 3, 1, 'ภูวิพัฒน์', 'เกียรติสาคเรศ', '2503-11-03', '2524-05-21', 3, 3, 1, 1, 1, 1),
('356', 1, 1, 3, 1, 'ทรงชัย', 'หนุนชู', '2502-10-11', '2525-06-04', 2, 3, 1, 1, 1, 1),
('367', 1, 1, 3, 1, 'เดชชาติ', 'นิยมตรง', '2520-05-28', '2547-12-28', 3, 3, 1, 1, 1, 1),
('370', 1, 2, 7, 1, 'อารมณ์', 'เพิ่มงาม', '2507-02-24', '2535-12-04', 4, 3, 1, 1, 1, 8),
('373', 1, 2, 3, 1, 'เขมจิรา', 'ผดุงพจน์', '2509-01-30', '2533-10-22', 4, 3, 1, 1, 1, 1),
('374', 1, 1, 6, 1, 'สุทธิศักดิ์', 'แก้วแกมจันทร์', '2507-11-23', '2535-12-05', 1, 3, 1, 1, 1, 9),
('376', 1, 1, 3, 1, 'วิระ', 'ศรีธัญรัตน์', '2503-09-23', '2526-05-10', 3, 3, 1, 1, 1, 1),
('377', 1, 1, 3, 1, 'ชูแสง', 'แพงวังทอง', '2504-08-13', '2527-06-01', 3, 3, 1, 1, 1, 1),
('378', 1, 1, 7, 1, 'สุริยา', 'ทองคุณ', '2504-12-03', '2527-03-05', 3, 3, 1, 1, 1, 8),
('379', 1, 1, 2, 1, 'วรรณะ', 'ม้าเฉี่ยว', '2509-12-12', '2536-07-19', 2, 3, 1, 1, 1, 1),
('380', 1, 2, 3, 1, 'พีรกูร', 'อนุชานุรักษ์', '2507-07-19', '2531-09-01', 2, 3, 1, 1, 1, 1),
('384', 1, 2, 7, 1, 'ศศิธร', 'เลิศมณีพงศ์', '2519-04-30', '2542-06-01', 5, 3, 1, 1, 1, 1),
('387', 1, 1, 4, 1, 'สำเนาว์', 'เสาวกูล', '2513-07-13', '2541-07-23', 4, 3, 1, 1, 1, 6),
('388', 1, 1, 5, 1, 'สุทธิดล', 'ปิยะเดชสุนทร', '2517-05-25', '2544-02-01', 2, 3, 1, 1, 1, 7),
('468', 1, 1, 5, 1, 'วิรัช', 'อนุชานุรักษ์', '2506-10-10', '2530-10-01', 6, 3, 1, 1, 1, 1),
('5652323', 1, 1, 1, 1, 'EDD', 'sada', '2563-03-14', '2563-03-26', 1, 3, 1, 3, 4, 8),
('776', 0, 0, 0, 0, 'Wxacxcxcxc', 'SSaxcxcx', '2563-03-14', '2563-03-24', 0, 0, 1, 1, 2, 2),
('7887545', 1, 1, 1, 4, 'asd', 'sds', '2020-02-06', '2020-02-27', 1, 0, 1, 2, 3, 15),
('877545', 1, 1, 1, 1, 'sdsds', 'dsds', '2563-03-14', '2563-03-24', 1, 2, 1, 2, 3, 6),
('96652', 1, 1, 1, 4, 'sdsd', 'sds', '2563-03-14', '2563-03-18', 1, 1, 1, 1, 1, 1),
('996', 1, 0, 1, 0, 'Wxacxcxcxc', 'SSaxcxcx', '2563-03-14', '2563-03-24', 0, 0, 1, 1, 3, 3),
('9999', 1, 1, 1, 1, 'ewe', 'xxxs', '2563-03-14', '2563-03-31', 1, 0, 1, 2, 2, 3),
('9999999', 2, 1, 1, 3, 'xcxcx', 'cxcxcxc', '2563-03-14', '2563-03-15', 4, 4, 2, 2, 4, 4),
('99999999', 1, 1, 1, 1, 'sdsd', 'sdsdsds', '2563-03-14', '2563-03-18', 1, 2, 1, 3, 4, 4),
('999999999', 2, 2, 4, 3, 'sdsd', 'sdsds', '2563-03-14', '2563-03-31', 3, 4, 2, 3, 3, 5),
('99999999922', 1, 1, 1, 1, 'asdasd', 'asdasda', '2563-03-14', '2563-03-18', 1, 1, 1, 1, 1, 1);

-- --------------------------------------------------------

--
-- Table structure for table `person_incom`
--

CREATE TABLE `person_incom` (
  `person_inid` int(1) NOT NULL,
  `in_description` varchar(30) NOT NULL DEFAULT '',
  `in_status` int(1) NOT NULL DEFAULT '0'
) ENGINE=InnoDB DEFAULT CHARSET=utf8;

--
-- Dumping data for table `person_incom`
--

INSERT INTO `person_incom` (`person_inid`, `in_description`, `in_status`) VALUES
(0, '-', 1),
(1, 'อยู่ระหว่างประเมิน 6 เดือน', 1),
(2, 'อยู่ระหว่างประเมิน 3 ปี', 1),
(3, 'ผ่านประเมิน 3 ปี', 1);

-- --------------------------------------------------------

--
-- Table structure for table `person_prefix`
--

CREATE TABLE `person_prefix` (
  `prefix_id` int(11) NOT NULL COMMENT 'รหัสคำนำหน้า',
  `prefix_description` varchar(25) DEFAULT NULL COMMENT 'รายละเอียด',
  `prefix_status` int(1) DEFAULT NULL COMMENT '1 ปกติ 2 ปิดใช้งาน'
) ENGINE=InnoDB DEFAULT CHARSET=utf8;

--
-- Dumping data for table `person_prefix`
--

INSERT INTO `person_prefix` (`prefix_id`, `prefix_description`, `prefix_status`) VALUES
(1, 'นาย', 1),
(2, 'นาง', 1),
(3, 'นางสาว', 1),
(4, 'ว่าที่ร้อยตรี', 1);

-- --------------------------------------------------------

--
-- Table structure for table `person_sai`
--

CREATE TABLE `person_sai` (
  `sai_id` int(1) NOT NULL,
  `sai_discription` varchar(30) DEFAULT NULL,
  `sai_status` int(1) DEFAULT '1'
) ENGINE=InnoDB DEFAULT CHARSET=utf8;

--
-- Dumping data for table `person_sai`
--

INSERT INTO `person_sai` (`sai_id`, `sai_discription`, `sai_status`) VALUES
(1, 'สายวิชาการ', 1),
(2, 'สายสนับสนุน', 1);

-- --------------------------------------------------------

--
-- Table structure for table `person_type`
--

CREATE TABLE `person_type` (
  `type_id` int(2) NOT NULL,
  `type_description` varchar(30) DEFAULT NULL,
  `type_status` int(1) DEFAULT '1'
) ENGINE=InnoDB DEFAULT CHARSET=utf8;

--
-- Dumping data for table `person_type`
--

INSERT INTO `person_type` (`type_id`, `type_description`, `type_status`) VALUES
(1, 'ข้าราชการ', 1),
(2, 'พนักงานในสถาบันอุดมศึกษา', 1),
(3, 'พนักงานราชการ', 1),
(4, 'ลูกจ้างชั่วคราว สายสนับสนุน', 1),
(5, 'ลูกจ้างประจำ', 1);

-- --------------------------------------------------------

--
-- Table structure for table `position_order`
--

CREATE TABLE `position_order` (
  `position_id` int(2) NOT NULL,
  `position_dis` varchar(255) DEFAULT NULL,
  `position_status` int(1) NOT NULL DEFAULT '1'
) ENGINE=InnoDB DEFAULT CHARSET=utf8;

--
-- Dumping data for table `position_order`
--

INSERT INTO `position_order` (`position_id`, `position_dis`, `position_status`) VALUES
(1, '-', 1),
(2, 'ศาสตราจารย์', 1),
(3, 'รองศาสตราจารย์', 1),
(4, 'ผู้ช่วยศาสตราจารย์', 1),
(5, 'ศาสตราจารย์ ดร.', 1),
(6, 'รองศาสตราจารย์ ดร.', 1),
(7, 'ผู้ช่วยศาสตราจารย์ ดร.', 1),
(8, 'อาจารย์', 1),
(9, 'อาจารย์ ดร.', 1),
(10, 'นักวิเครราะห์นโยบายและแผน', 1),
(11, 'นักวิชาการศึกษา', 1),
(12, 'เจ้าหน้าที่บริหารงานทั่วไป', 1),
(13, 'นักวิชาการคอมพิวเตอร์', 1),
(14, 'ผู้ปฏิบัติงานบริหาร', 1),
(15, 'นักแนะแนวและอาชีพ', 1),
(16, 'เจ้าหน้าที่โสต', 1),
(17, 'พนักงานทั่วไป', 1),
(18, 'นักวิชาการเงินและบัญชี', 1);

-- --------------------------------------------------------

--
-- Table structure for table `province`
--

CREATE TABLE `province` (
  `province_id` int(2) NOT NULL,
  `pro_discription` varchar(30) DEFAULT NULL,
  `pro_status` int(1) DEFAULT '1'
) ENGINE=InnoDB DEFAULT CHARSET=utf8;

--
-- Dumping data for table `province`
--

INSERT INTO `province` (`province_id`, `pro_discription`, `pro_status`) VALUES
(1, 'กรุงเทพมหานคร', 1),
(2, 'กระบี่', 1),
(3, 'ชุมพร', 1),
(4, 'สุรินทร์', 1);

-- --------------------------------------------------------

--
-- Table structure for table `p_status`
--

CREATE TABLE `p_status` (
  `p_status_id` int(1) NOT NULL,
  `p_discription` varchar(50) DEFAULT NULL,
  `p_status` int(1) DEFAULT '1'
) ENGINE=InnoDB DEFAULT CHARSET=utf8;

--
-- Dumping data for table `p_status`
--

INSERT INTO `p_status` (`p_status_id`, `p_discription`, `p_status`) VALUES
(1, 'ปกติ', 1),
(2, 'คัดออก', 1),
(3, NULL, 1);

-- --------------------------------------------------------

--
-- Table structure for table `school_year`
--

CREATE TABLE `school_year` (
  `school_year_id` varchar(8) CHARACTER SET utf8 COLLATE utf8_unicode_ci NOT NULL,
  `start_date` date NOT NULL,
  `end_date` date NOT NULL,
  `active_stat` int(1) NOT NULL
) ENGINE=InnoDB DEFAULT CHARSET=utf8 COLLATE=utf8_unicode_ci COMMENT='ปัการศึกษา';

--
-- Dumping data for table `school_year`
--

INSERT INTO `school_year` (`school_year_id`, `start_date`, `end_date`, `active_stat`) VALUES
('2556/1', '2563-03-14', '2563-03-17', 0),
('2562/1', '2020-02-16', '2020-02-12', 0),
('2564/1', '2020-02-17', '2020-02-20', 0),
('2564/2', '2020-02-16', '2020-02-14', 0),
('2565/1', '2020-02-17', '2020-02-21', 0),
('2574/1', '2020-02-18', '2020-02-21', 0),
('2580/1', '2020-02-21', '2020-02-20', 0),
('2599/1', '2563-03-14', '2563-03-25', 0),
('3455/1', '2563-03-15', '2563-03-25', 1),
('3887/1', '2563-03-15', '2563-03-31', 0),
('4411/1', '2563-03-14', '2563-03-17', 0),
('5555/2', '2563-03-15', '2563-03-31', 0),
('8888/1', '2020-02-22', '2020-02-21', 0);

-- --------------------------------------------------------

--
-- Table structure for table `side_list`
--

CREATE TABLE `side_list` (
  `side_id` int(2) NOT NULL,
  `side_dis` varchar(255) DEFAULT NULL,
  `side_status` int(1) NOT NULL DEFAULT '1'
) ENGINE=InnoDB DEFAULT CHARSET=utf8;

--
-- Dumping data for table `side_list`
--

INSERT INTO `side_list` (`side_id`, `side_dis`, `side_status`) VALUES
(1, '-', 1),
(2, 'งานบริหารงานทั่วไป', 1),
(3, 'งานบริการการศึกษา', 1);

-- --------------------------------------------------------

--
-- Table structure for table `user_login`
--

CREATE TABLE `user_login` (
  `person_id` varchar(50) NOT NULL,
  `Username` varchar(50) NOT NULL,
  `Password` varchar(50) NOT NULL,
  `glogin_id` int(1) NOT NULL DEFAULT '0',
  `role` int(1) NOT NULL
) ENGINE=InnoDB DEFAULT CHARSET=utf8;

--
-- Dumping data for table `user_login`
--

INSERT INTO `user_login` (`person_id`, `Username`, `Password`, `glogin_id`, `role`) VALUES
('255512', 'phatpicha', 'phatpicha', 2, 2),
('550210', 'supakorn', 'supakorn', 1, 2),
('9999', 'doxen', '13201575', 3, 2);

--
-- Indexes for dumped tables
--

--
-- Indexes for table `burden`
--
ALTER TABLE `burden`
  ADD PRIMARY KEY (`burden_id`);

--
-- Indexes for table `govenor_transaction`
--
ALTER TABLE `govenor_transaction`
  ADD PRIMARY KEY (`person_id`,`govenor_id`);

--
-- Indexes for table `governor_to`
--
ALTER TABLE `governor_to`
  ADD PRIMARY KEY (`govenor_id`);

--
-- Indexes for table `governor_type`
--
ALTER TABLE `governor_type`
  ADD PRIMARY KEY (`goven_type_id`);

--
-- Indexes for table `leave_person`
--
ALTER TABLE `leave_person`
  ADD PRIMARY KEY (`leave_id`,`person_id`,`leave_p_id`);

--
-- Indexes for table `leave_p_dis`
--
ALTER TABLE `leave_p_dis`
  ADD PRIMARY KEY (`leave_p_id`);

--
-- Indexes for table `leave_p_setting`
--
ALTER TABLE `leave_p_setting`
  ADD PRIMARY KEY (`person_type_id`);

--
-- Indexes for table `list_department`
--
ALTER TABLE `list_department`
  ADD PRIMARY KEY (`listdep_id`);

--
-- Indexes for table `local_department`
--
ALTER TABLE `local_department`
  ADD PRIMARY KEY (`dep_id`);

--
-- Indexes for table `parcel_status`
--
ALTER TABLE `parcel_status`
  ADD PRIMARY KEY (`parcel_status_id`);

--
-- Indexes for table `parcel_type`
--
ALTER TABLE `parcel_type`
  ADD PRIMARY KEY (`parcel_type_id`);

--
-- Indexes for table `parce_disc`
--
ALTER TABLE `parce_disc`
  ADD PRIMARY KEY (`parce_disc_id`);

--
-- Indexes for table `person_academic`
--
ALTER TABLE `person_academic`
  ADD PRIMARY KEY (`academic_id`);

--
-- Indexes for table `person_human`
--
ALTER TABLE `person_human`
  ADD PRIMARY KEY (`person_id`);

--
-- Indexes for table `person_incom`
--
ALTER TABLE `person_incom`
  ADD PRIMARY KEY (`person_inid`);

--
-- Indexes for table `person_prefix`
--
ALTER TABLE `person_prefix`
  ADD PRIMARY KEY (`prefix_id`);

--
-- Indexes for table `person_sai`
--
ALTER TABLE `person_sai`
  ADD PRIMARY KEY (`sai_id`);

--
-- Indexes for table `person_type`
--
ALTER TABLE `person_type`
  ADD PRIMARY KEY (`type_id`);

--
-- Indexes for table `position_order`
--
ALTER TABLE `position_order`
  ADD PRIMARY KEY (`position_id`);

--
-- Indexes for table `province`
--
ALTER TABLE `province`
  ADD PRIMARY KEY (`province_id`);

--
-- Indexes for table `p_status`
--
ALTER TABLE `p_status`
  ADD PRIMARY KEY (`p_status_id`);

--
-- Indexes for table `school_year`
--
ALTER TABLE `school_year`
  ADD PRIMARY KEY (`school_year_id`);

--
-- Indexes for table `side_list`
--
ALTER TABLE `side_list`
  ADD PRIMARY KEY (`side_id`);

--
-- Indexes for table `user_login`
--
ALTER TABLE `user_login`
  ADD PRIMARY KEY (`person_id`,`Username`);

--
-- AUTO_INCREMENT for dumped tables
--

--
-- AUTO_INCREMENT for table `burden`
--
ALTER TABLE `burden`
  MODIFY `burden_id` int(2) NOT NULL AUTO_INCREMENT, AUTO_INCREMENT=3;

--
-- AUTO_INCREMENT for table `governor_type`
--
ALTER TABLE `governor_type`
  MODIFY `goven_type_id` int(1) NOT NULL AUTO_INCREMENT, AUTO_INCREMENT=6;

--
-- AUTO_INCREMENT for table `leave_p_dis`
--
ALTER TABLE `leave_p_dis`
  MODIFY `leave_p_id` int(2) NOT NULL AUTO_INCREMENT COMMENT 'รหัสประเภทการลา', AUTO_INCREMENT=7;

--
-- AUTO_INCREMENT for table `list_department`
--
ALTER TABLE `list_department`
  MODIFY `listdep_id` int(2) NOT NULL AUTO_INCREMENT COMMENT 'รหัสแผนกงาน', AUTO_INCREMENT=7;

--
-- AUTO_INCREMENT for table `parcel_status`
--
ALTER TABLE `parcel_status`
  MODIFY `parcel_status_id` int(1) NOT NULL AUTO_INCREMENT, AUTO_INCREMENT=7;

--
-- AUTO_INCREMENT for table `parcel_type`
--
ALTER TABLE `parcel_type`
  MODIFY `parcel_type_id` int(1) NOT NULL AUTO_INCREMENT, AUTO_INCREMENT=17;

--
-- AUTO_INCREMENT for table `parce_disc`
--
ALTER TABLE `parce_disc`
  MODIFY `parce_disc_id` int(2) NOT NULL AUTO_INCREMENT, AUTO_INCREMENT=396;

--
-- AUTO_INCREMENT for table `person_academic`
--
ALTER TABLE `person_academic`
  MODIFY `academic_id` int(1) NOT NULL AUTO_INCREMENT, AUTO_INCREMENT=10;

--
-- AUTO_INCREMENT for table `person_prefix`
--
ALTER TABLE `person_prefix`
  MODIFY `prefix_id` int(11) NOT NULL AUTO_INCREMENT COMMENT 'รหัสคำนำหน้า', AUTO_INCREMENT=5;

--
-- AUTO_INCREMENT for table `person_sai`
--
ALTER TABLE `person_sai`
  MODIFY `sai_id` int(1) NOT NULL AUTO_INCREMENT, AUTO_INCREMENT=3;

--
-- AUTO_INCREMENT for table `person_type`
--
ALTER TABLE `person_type`
  MODIFY `type_id` int(2) NOT NULL AUTO_INCREMENT, AUTO_INCREMENT=15;

--
-- AUTO_INCREMENT for table `position_order`
--
ALTER TABLE `position_order`
  MODIFY `position_id` int(2) NOT NULL AUTO_INCREMENT, AUTO_INCREMENT=19;

--
-- AUTO_INCREMENT for table `province`
--
ALTER TABLE `province`
  MODIFY `province_id` int(2) NOT NULL AUTO_INCREMENT, AUTO_INCREMENT=5;

--
-- AUTO_INCREMENT for table `p_status`
--
ALTER TABLE `p_status`
  MODIFY `p_status_id` int(1) NOT NULL AUTO_INCREMENT, AUTO_INCREMENT=4;

--
-- AUTO_INCREMENT for table `side_list`
--
ALTER TABLE `side_list`
  MODIFY `side_id` int(2) NOT NULL AUTO_INCREMENT, AUTO_INCREMENT=4;
COMMIT;

/*!40101 SET CHARACTER_SET_CLIENT=@OLD_CHARACTER_SET_CLIENT */;
/*!40101 SET CHARACTER_SET_RESULTS=@OLD_CHARACTER_SET_RESULTS */;
/*!40101 SET COLLATION_CONNECTION=@OLD_COLLATION_CONNECTION */;
